{
    "0": [
        0.44328703703703703,
        0.35030864197530864
    ],
    "1": [
        0.3541666666666667,
        0.8317901234567902
    ],
    "2": [
        0.40162037037037035,
        0.8132716049382716
    ],
    "3": [
        0.3587962962962963,
        0.6574074074074074
    ],
    "4": [
        0.4664351851851852,
        0.6820987654320988
    ],
    "5": [
        0.46875,
        0.44598765432098764
    ],
    "6": [
        0.4537037037037037,
        0.3410493827160494
    ],
    "7": [
        0.4479166666666667,
        0.2330246913580247
    ],
    "8": [
        0.7141203703703703,
        0.8966049382716049
    ],
    "9": [
        0.7060185185185185,
        0.8194444444444444
    ],
    "10": [
        0.5567129629629629,
        0.8425925925925926
    ],
    "11": [
        0.4699074074074074,
        0.7006172839506173
    ],
    "12": [
        0.4444444444444444,
        0.44135802469135804
    ],
    "13": [
        0.41550925925925924,
        0.30709876543209874
    ],
    "14": [
        0.40625,
        0.1882716049382716
    ]
}