{
    "0": [
        0.4737654320987654,
        0.2650462962962963
    ],
    "1": [
        0.5833333333333334,
        0.7905092592592593
    ],
    "2": [
        0.5200617283950617,
        0.7939814814814815
    ],
    "3": [
        0.6003086419753086,
        0.6655092592592593
    ],
    "4": [
        0.6141975308641975,
        0.5578703703703703
    ],
    "5": [
        0.5200617283950617,
        0.38310185185185186
    ],
    "6": [
        0.4537037037037037,
        0.2638888888888889
    ],
    "7": [
        0.38271604938271603,
        0.1701388888888889
    ],
    "8": [
        0.6512345679012346,
        0.8611111111111112
    ],
    "9": [
        0.5740740740740741,
        0.8483796296296297
    ],
    "10": [
        0.6574074074074074,
        0.6886574074074074
    ],
    "11": [
        0.6728395061728395,
        0.5474537037037037
    ],
    "12": [
        0.5617283950617284,
        0.3506944444444444
    ],
    "13": [
        0.5077160493827161,
        0.2199074074074074
    ],
    "14": [
        0.4228395061728395,
        0.12037037037037036
    ]
}