{
    "0": [
        0.5300925925925926,
        0.21450617283950618
    ],
    "1": [
        0.4537037037037037,
        0.9120370370370371
    ]
}